{"inputUnits":[63],"outputUnits":8,"inputs":{"0":{"dtype":"number","min":0.12985742092132568,"max":1.0202107429504395},"1":{"dtype":"number","min":0.020663470029830933,"max":1.0102720260620117},"2":{"dtype":"number","min":-0.000001340034600616491,"max":0.0000010794099125632783},"3":{"dtype":"number","min":0.11779515445232391,"max":0.971402645111084},"4":{"dtype":"number","min":0.12510822713375092,"max":0.9514746069908142},"5":{"dtype":"number","min":-0.1116657555103302,"max":0.0440099872648716},"6":{"dtype":"number","min":0.11476638913154602,"max":0.9841537475585938},"7":{"dtype":"number","min":0.24334190785884857,"max":0.9092468023300171},"8":{"dtype":"number","min":-0.13613586127758026,"max":0.06441561877727509},"9":{"dtype":"number","min":0.1594301164150238,"max":0.9763560891151428},"10":{"dtype":"number","min":0.2683361768722534,"max":0.8761324882507324},"11":{"dtype":"number","min":-0.1589849442243576,"max":0.07757817208766937},"12":{"dtype":"number","min":0.13764993846416473,"max":0.9747704267501831},"13":{"dtype":"number","min":0.19453838467597961,"max":0.873926043510437},"14":{"dtype":"number","min":-0.2013019323348999,"max":0.08581395447254181},"15":{"dtype":"number","min":0.15327970683574677,"max":0.8891583681106567},"16":{"dtype":"number","min":0.24666424095630646,"max":0.7902523279190063},"17":{"dtype":"number","min":-0.14206133782863617,"max":0.12181723862886429},"18":{"dtype":"number","min":0.19333875179290771,"max":0.9203087687492371},"19":{"dtype":"number","min":0.198954239487648,"max":0.8664393424987793},"20":{"dtype":"number","min":-0.1806144118309021,"max":0.11372804641723633},"21":{"dtype":"number","min":0.15665577352046967,"max":0.9657465815544128},"22":{"dtype":"number","min":0.13408201932907104,"max":0.9552436470985413},"23":{"dtype":"number","min":-0.1933654248714447,"max":0.10450037568807602},"24":{"dtype":"number","min":0.09261906147003174,"max":1.011031985282898},"25":{"dtype":"number","min":0.03236702084541321,"max":1.0293993949890137},"26":{"dtype":"number","min":-0.199829563498497,"max":0.09808894991874695},"27":{"dtype":"number","min":0.1377604901790619,"max":0.9291294813156128},"28":{"dtype":"number","min":0.20467622578144073,"max":0.7457675337791443},"29":{"dtype":"number","min":-0.14564859867095947,"max":0.07615824788808823},"30":{"dtype":"number","min":0.13367629051208496,"max":0.9649106860160828},"31":{"dtype":"number","min":0.11949858069419861,"max":0.8095872402191162},"32":{"dtype":"number","min":-0.18596458435058594,"max":0.041356880217790604},"33":{"dtype":"number","min":0.06902158260345459,"max":0.9457356929779053},"34":{"dtype":"number","min":0.14951105415821075,"max":0.7847462296485901},"35":{"dtype":"number","min":-0.17608624696731567,"max":0.06722836196422577},"36":{"dtype":"number","min":0.010788530111312866,"max":0.9396575689315796},"37":{"dtype":"number","min":0.16726353764533997,"max":0.82393878698349},"38":{"dtype":"number","min":-0.1833259016275406,"max":0.07708952575922012},"39":{"dtype":"number","min":0.12215476483106613,"max":0.9496209621429443},"40":{"dtype":"number","min":0.15224111080169678,"max":0.8349490165710449},"41":{"dtype":"number","min":-0.16239961981773376,"max":0.023863116279244423},"42":{"dtype":"number","min":0.13933634757995605,"max":0.9804353713989258},"43":{"dtype":"number","min":0.10014040768146515,"max":0.8521466851234436},"44":{"dtype":"number","min":-0.1929205060005188,"max":0.04874337837100029},"45":{"dtype":"number","min":0.20506128668785095,"max":0.956003725528717},"46":{"dtype":"number","min":0.1293240785598755,"max":0.8641838431358337},"47":{"dtype":"number","min":-0.18068431317806244,"max":0.05463007465004921},"48":{"dtype":"number","min":0.2128182351589203,"max":0.9546670317649841},"49":{"dtype":"number","min":0.15971533954143524,"max":0.8650027513504028},"50":{"dtype":"number","min":-0.204458549618721,"max":0.05080559849739075},"51":{"dtype":"number","min":0.12304269522428513,"max":0.9601295590400696},"52":{"dtype":"number","min":0.11754097789525986,"max":0.9362576603889465},"53":{"dtype":"number","min":-0.18071216344833374,"max":0.08001700788736343},"54":{"dtype":"number","min":0.10035831481218338,"max":0.9780200123786926},"55":{"dtype":"number","min":0.08946405351161957,"max":0.9246944189071655},"56":{"dtype":"number","min":-0.19811181724071503,"max":0.06471620500087738},"57":{"dtype":"number","min":0.08340251445770264,"max":0.9138455390930176},"58":{"dtype":"number","min":0.11360832303762436,"max":0.9334900975227356},"59":{"dtype":"number","min":-0.18829205632209778,"max":0.07483983039855957},"60":{"dtype":"number","min":0.07282134890556335,"max":0.9060341715812683},"61":{"dtype":"number","min":0.1366311013698578,"max":0.9348368644714355},"62":{"dtype":"number","min":-0.20593784749507904,"max":0.07851433008909225}},"outputs":{"label":{"dtype":"string","min":0,"max":1,"uniqueValues":["UP","C","D","B","A","LEFT","RIGHT","DOWN"],"legend":{"UP":[1,0,0,0,0,0,0,0],"C":[0,1,0,0,0,0,0,0],"D":[0,0,1,0,0,0,0,0],"B":[0,0,0,1,0,0,0,0],"A":[0,0,0,0,1,0,0,0],"LEFT":[0,0,0,0,0,1,0,0],"RIGHT":[0,0,0,0,0,0,1,0],"DOWN":[0,0,0,0,0,0,0,1]}}},"isNormalized":true}